{"providerClassName":"qupath.imagej.images.servers.ImageJServerBuilder","uri":"file:/C:/Users/mathi/Desktop/DBSCAN_qupath/DBSCAN_calibrated.tif","args":[],"metadata":{"name":"DBSCAN_calibrated.tif","width":553,"height":389,"sizeZ":1,"sizeT":1,"channelType":"DEFAULT","isRGB":false,"pixelType":"UINT8","levels":[{"downsample":1.0,"width":553,"height":389}],"channels":[{"name":"Channel 1","color":-1}],"pixelCalibration":{"pixelWidth":{"value":1.0,"unit":"µm"},"pixelHeight":{"value":1.0,"unit":"µm"},"zSpacing":{"value":1.0,"unit":"µm"},"timeUnit":"SECONDS","timepoints":[]},"preferredTileWidth":553,"preferredTileHeight":389}}