{
  "object_classifier_type": "SimpleClassifier",
  "function": {
    "classifier_fun": "ClassifyByMeasurementFunction",
    "measurement": "Cluster beads",
    "pathClassEquals": {
      "name": "cluster",
      "color": [
        255,
        255,
        0
      ]
    },
    "pathClassAbove": {
      "name": "cluster",
      "color": [
        255,
        255,
        0
      ]
    },
    "threshold": 1.0
  },
  "pathClasses": [
    {
      "name": "cluster",
      "color": [
        255,
        255,
        0
      ]
    }
  ],
  "filter": "DETECTIONS_ALL",
  "timestamp": 1677592206394
}